region_name,tpak_male,tpak_female,year,admin_level
ACEH,80.03,48.24,2018,Province
SUMATERA UTARA,84.21,59.97,2018,Province
SUMATERA BARAT,80.66,54.81,2018,Province
RIAU,83.88,45.68,2018,Province
JAMBI,84.08,51.69,2018,Province
SUMATERA SELATAN,83.25,53.23,2018,Province
BENGKULU,83.67,56.26,2018,Province
LAMPUNG,87.03,51.22,2018,Province
KEP. BANGKA BELITUNG,83.21,50.03,2018,Province
KEPULAUAN RIAU,81.45,46.62,2018,Province
DKI JAKARTA,78.14,47.86,2018,Province
JAWA BARAT,82.96,42.25,2018,Province
JAWA TENGAH,81.59,56.43,2018,Province
D I YOGYAKARTA,82.57,64.03,2018,Province
JAWA TIMUR,84.41,55.31,2018,Province
BANTEN,80.85,44.3,2018,Province
BALI,82.94,70.14,2018,Province
NUSA TENGGARA BARAT,80.0,54.27,2018,Province
NUSA TENGGARA TIMUR,83.0,60.9,2018,Province
KALIMANTAN BARAT,84.09,53.07,2018,Province
KALIMANTAN TENGAH,85.92,51.82,2018,Province
KALIMANTAN SELATAN,84.22,54.98,2018,Province
KALIMANTAN TIMUR,82.06,45.18,2018,Province
KALIMANTAN UTARA,81.82,49.44,2018,Province
SULAWESI UTARA,80.34,45.16,2018,Province
SULAWESI TENGAH,84.98,53.91,2018,Province
SULAWESI SELATAN,81.33,47.65,2018,Province
SULAWESI TENGGARA,83.97,55.65,2018,Province
GORONTALO,84.24,51.66,2018,Province
SULAWESI BARAT,84.52,53.96,2018,Province
MALUKU,77.5,50.05,2018,Province
MALUKU UTARA,80.88,49.92,2018,Province
PAPUA BARAT,80.71,52.15,2018,Province
PAPUA BARAT DAYA,,,2018,Province
PAPUA,86.44,70.53,2018,Province
PAPUA SELATAN,,,2018,Province
PAPUA TENGAH,,,2018,Province
PAPUA PEGUNUNGAN,,,2018,Province
ACEH,80.79,45.68,2019,Province
SUMATERA UTARA,84.19,56.8,2019,Province
SUMATERA BARAT,81.86,54.26,2019,Province
RIAU,83.74,45.26,2019,Province
JAMBI,84.16,46.74,2019,Province
SUMATERA SELATAN,83.25,51.68,2019,Province
BENGKULU,84.38,55.2,2019,Province
LAMPUNG,86.24,50.95,2019,Province
KEP. BANGKA BELITUNG,84.82,48.03,2019,Province
KEPULAUAN RIAU,83.18,45.35,2019,Province
DKI JAKARTA,80.44,47.62,2019,Province
JAWA BARAT,83.25,46.33,2019,Province
JAWA TENGAH,82.78,55.35,2019,Province
D I YOGYAKARTA,81.85,63.95,2019,Province
JAWA TIMUR,84.74,55.07,2019,Province
BANTEN,81.73,45.21,2019,Province
BALI,81.82,65.67,2019,Province
NUSA TENGGARA BARAT,83.43,56.36,2019,Province
NUSA TENGGARA TIMUR,81.31,59.74,2019,Province
KALIMANTAN BARAT,83.59,52.92,2019,Province
KALIMANTAN TENGAH,85.43,51.53,2019,Province
KALIMANTAN SELATAN,83.22,54.05,2019,Province
KALIMANTAN TIMUR,83.04,47.17,2019,Province
KALIMANTAN UTARA,83.26,45.16,2019,Province
SULAWESI UTARA,82.06,45.14,2019,Province
SULAWESI TENGAH,84.65,50.33,2019,Province
SULAWESI SELATAN,81.72,47.01,2019,Province
SULAWESI TENGGARA,83.38,54.98,2019,Province
GORONTALO,84.77,50.03,2019,Province
SULAWESI BARAT,86.82,52.86,2019,Province
MALUKU,77.28,50.5,2019,Province
MALUKU UTARA,81.63,47.79,2019,Province
PAPUA BARAT,80.66,53.03,2019,Province
PAPUA BARAT DAYA,,,2019,Province
PAPUA,85.99,66.72,2019,Province
PAPUA SELATAN,,,2019,Province
PAPUA TENGAH,,,2019,Province
PAPUA PEGUNUNGAN,,,2019,Province
ACEH,81.47,48.94,2020,Province
SUMATERA UTARA,81.41,56.15,2020,Province
SUMATERA BARAT,82.08,56.24,2020,Province
RIAU,83.25,46.4,2020,Province
JAMBI,84.96,50.04,2020,Province
SUMATERA SELATAN,82.71,54.25,2020,Province
BENGKULU,85.22,57.71,2020,Province
LAMPUNG,85.41,54.13,2020,Province
KEP. BANGKA BELITUNG,84.07,48.47,2020,Province
KEPULAUAN RIAU,82.86,48.93,2020,Province
DKI JAKARTA,80.49,47.47,2020,Province
JAWA BARAT,81.9,46.79,2020,Province
JAWA TENGAH,81.68,57.54,2020,Province
D I YOGYAKARTA,78.2,64.33,2020,Province
JAWA TIMUR,84.67,56.56,2020,Province
BANTEN,81.7,46.62,2020,Province
BALI,80.75,67.86,2020,Province
NUSA TENGGARA BARAT,82.94,58.66,2020,Province
NUSA TENGGARA TIMUR,82.64,63.91,2020,Province
KALIMANTAN BARAT,83.35,53.86,2020,Province
KALIMANTAN TENGAH,84.67,50.57,2020,Province
KALIMANTAN SELATAN,82.91,55.5,2020,Province
KALIMANTAN TIMUR,81.52,47.96,2020,Province
KALIMANTAN UTARA,82.91,47.62,2020,Province
SULAWESI UTARA,80.52,45.68,2020,Province
SULAWESI TENGAH,85.82,52.5,2020,Province
SULAWESI SELATAN,79.66,48.16,2020,Province
SULAWESI TENGGARA,83.8,56.02,2020,Province
GORONTALO,83.02,49.95,2020,Province
SULAWESI BARAT,85.29,55.02,2020,Province
MALUKU,76.49,53.52,2020,Province
MALUKU UTARA,81.3,46.57,2020,Province
PAPUA BARAT,80.36,57.27,2020,Province
PAPUA BARAT DAYA,,,2020,Province
PAPUA,79.84,63.47,2020,Province
PAPUA SELATAN,,,2020,Province
PAPUA TENGAH,,,2020,Province
PAPUA PEGUNUNGAN,,,2020,Province
ACEH,79.4,48.36,2021,Province
SUMATERA UTARA,81.9,56.5,2021,Province
SUMATERA BARAT,80.67,55.04,2021,Province
RIAU,82.15,47.14,2021,Province
JAMBI,83.91,49.89,2021,Province
SUMATERA SELATAN,82.66,54.54,2021,Province
BENGKULU,83.54,55.45,2021,Province
LAMPUNG,85.55,52.36,2021,Province
KEP. BANGKA BELITUNG,83.68,46.86,2021,Province
KEPULAUAN RIAU,83.93,51.92,2021,Province
DKI JAKARTA,78.31,47.34,2021,Province
JAWA BARAT,81.68,47.88,2021,Province
JAWA TENGAH,81.94,57.58,2021,Province
D I YOGYAKARTA,82.83,64.59,2021,Province
JAWA TIMUR,84.46,56.11,2021,Province
BANTEN,80.16,46.84,2021,Province
BALI,79.44,67.61,2021,Province
NUSA TENGGARA BARAT,82.58,59.18,2021,Province
NUSA TENGGARA TIMUR,82.53,65.34,2021,Province
KALIMANTAN BARAT,83.05,53.43,2021,Province
KALIMANTAN TENGAH,84.7,51.12,2021,Province
KALIMANTAN SELATAN,83.55,54.72,2021,Province
KALIMANTAN TIMUR,81.35,48.2,2021,Province
KALIMANTAN UTARA,81.75,48.44,2021,Province
SULAWESI UTARA,78.98,44.72,2021,Province
SULAWESI TENGAH,84.78,52.17,2021,Province
SULAWESI SELATAN,81.03,49.42,2021,Province
SULAWESI TENGGARA,84.08,56.27,2021,Province
GORONTALO,81.6,50.41,2021,Province
SULAWESI BARAT,86.1,54.38,2021,Province
MALUKU,77.66,53.71,2021,Province
MALUKU UTARA,81.22,47.57,2021,Province
PAPUA BARAT,80.53,58.78,2021,Province
PAPUA BARAT DAYA,,,2021,Province
PAPUA,86.41,69.1,2021,Province
PAPUA SELATAN,,,2021,Province
PAPUA TENGAH,,,2021,Province
PAPUA PEGUNUNGAN,,,2021,Province
ACEH,80.57,49.05,2023,Province
SUMATERA UTARA,84.4,57.81,2023,Province
SUMATERA BARAT,82.21,56.94,2023,Province
RIAU,83.77,44.27,2023,Province
JAMBI,85.27,51.68,2023,Province
SUMATERA SELATAN,85.39,55.54,2023,Province
BENGKULU,84.99,56.22,2023,Province
LAMPUNG,87.3,52.01,2023,Province
KEP. BANGKA BELITUNG,85.38,50.31,2023,Province
KEPULAUAN RIAU,84.92,51.95,2023,Province
DKI JAKARTA,80.25,50.12,2023,Province
JAWA BARAT,84.63,47.98,2023,Province
JAWA TENGAH,84.52,58.92,2023,Province
D I YOGYAKARTA,83.76,64.75,2023,Province
JAWA TIMUR,85.9,59.46,2023,Province
BANTEN,82.16,46.16,2023,Province
BALI,83.55,70.63,2023,Province
NUSA TENGGARA BARAT,84.18,62.54,2023,Province
NUSA TENGGARA TIMUR,83.03,68.52,2023,Province
KALIMANTAN BARAT,84.85,53.11,2023,Province
KALIMANTAN TENGAH,84.85,48.13,2023,Province
KALIMANTAN SELATAN,85.52,53.75,2023,Province
KALIMANTAN TIMUR,82.82,46.86,2023,Province
KALIMANTAN UTARA,85.18,53.6,2023,Province
SULAWESI UTARA,80.93,46.53,2023,Province
SULAWESI TENGAH,85.42,53.4,2023,Province
SULAWESI SELATAN,82.22,49.62,2023,Province
SULAWESI TENGGARA,84.15,55.64,2023,Province
GORONTALO,85.34,56.07,2023,Province
SULAWESI BARAT,86.28,55.4,2023,Province
MALUKU,74.34,52.68,2023,Province
MALUKU UTARA,82.13,52.48,2023,Province
PAPUA BARAT,79.21,53.82,2023,Province
PAPUA BARAT DAYA,,,2023,Province
PAPUA,86.64,66.27,2023,Province
PAPUA SELATAN,,,2023,Province
PAPUA TENGAH,,,2023,Province
PAPUA PEGUNUNGAN,,,2023,Province
ACEH,80.68,49.62,2024,Province
SUMATERA UTARA,84.25,58.54,2024,Province
SUMATERA BARAT,82.75,57.75,2024,Province
RIAU,84.8,47.05,2024,Province
JAMBI,86.04,51.17,2024,Province
SUMATERA SELATAN,85.79,55.35,2024,Province
BENGKULU,85.1,57.74,2024,Province
LAMPUNG,85.61,54.58,2024,Province
KEP. BANGKA BELITUNG,86.2,50.57,2024,Province
KEPULAUAN RIAU,85.73,52.15,2024,Province
DKI JAKARTA,79.95,50.24,2024,Province
JAWA BARAT,84.51,50.59,2024,Province
JAWA TENGAH,85.66,61.82,2024,Province
D I YOGYAKARTA,83.27,66.59,2024,Province
JAWA TIMUR,86.52,60.64,2024,Province
BANTEN,82.95,48.9,2024,Province
BALI,83.77,70.49,2024,Province
NUSA TENGGARA BARAT,86.47,68.04,2024,Province
NUSA TENGGARA TIMUR,84.7,70.4,2024,Province
KALIMANTAN BARAT,86.05,53.95,2024,Province
KALIMANTAN TENGAH,86.5,49.6,2024,Province
KALIMANTAN SELATAN,84.71,55.52,2024,Province
KALIMANTAN TIMUR,83.75,49.07,2024,Province
KALIMANTAN UTARA,86.51,52.14,2024,Province
SULAWESI UTARA,81.91,49.59,2024,Province
SULAWESI TENGAH,85.94,55.47,2024,Province
SULAWESI SELATAN,82.52,52.68,2024,Province
SULAWESI TENGGARA,85.03,60.3,2024,Province
GORONTALO,84.5,55.23,2024,Province
SULAWESI BARAT,85.95,56.46,2024,Province
MALUKU,76.62,56.25,2024,Province
MALUKU UTARA,82.4,54.98,2024,Province
PAPUA BARAT,81.42,59.8,2024,Province
PAPUA BARAT DAYA,79.64,54.72,2024,Province
PAPUA,79.01,56.45,2024,Province
PAPUA SELATAN,82.39,59.7,2024,Province
PAPUA TENGAH,85.03,59.32,2024,Province
PAPUA PEGUNUNGAN,90.37,85.71,2024,Province
ACEH,80.68,50.01,2025,Province
SUMATERA UTARA,84.85,59.8,2025,Province
SUMATERA BARAT,83.21,59.4,2025,Province
RIAU,84.68,47.68,2025,Province
JAMBI,85.6,50.63,2025,Province
SUMATERA SELATAN,84.82,54.46,2025,Province
BENGKULU,84.84,58.17,2025,Province
LAMPUNG,86.4,53.85,2025,Province
KEP. BANGKA BELITUNG,85.86,52.02,2025,Province
KEPULAUAN RIAU,83.94,52.12,2025,Province
DKI JAKARTA,79.66,49.94,2025,Province
JAWA BARAT,84.41,49.27,2025,Province
JAWA TENGAH,85.36,63.37,2025,Province
D I YOGYAKARTA,83.9,65.91,2025,Province
JAWA TIMUR,85.89,62.29,2025,Province
BANTEN,81.96,46.87,2025,Province
BALI,83.84,70.84,2025,Province
NUSA TENGGARA BARAT,86.55,65.69,2025,Province
NUSA TENGGARA TIMUR,82.52,68.68,2025,Province
KALIMANTAN BARAT,85.32,55.7,2025,Province
KALIMANTAN TENGAH,85.26,50.34,2025,Province
KALIMANTAN SELATAN,84.48,55.18,2025,Province
KALIMANTAN TIMUR,83.14,48.72,2025,Province
KALIMANTAN UTARA,84.95,52.26,2025,Province
SULAWESI UTARA,83.26,50.51,2025,Province
SULAWESI TENGAH,86.02,58.05,2025,Province
SULAWESI SELATAN,82.8,52.95,2025,Province
SULAWESI TENGGARA,83.56,59.49,2025,Province
GORONTALO,85.3,53.12,2025,Province
SULAWESI BARAT,87.47,60.68,2025,Province
MALUKU,77.45,55.71,2025,Province
MALUKU UTARA,83.85,54.29,2025,Province
PAPUA BARAT,80.03,57.73,2025,Province
PAPUA BARAT DAYA,80.35,54.63,2025,Province
PAPUA,75.97,50.54,2025,Province
PAPUA SELATAN,78.24,55.32,2025,Province
PAPUA TENGAH,80.58,66.09,2025,Province
PAPUA PEGUNUNGAN,92.87,88.08,2025,Province
